<?xml version="1.0"?>
<doc>
    <assembly>
        <name>UIGeneratorObjects</name>
    </assembly>
    <members>
        <member name="T:UIGeneratorObjects.IUIElements">
            <summary>
            UIとして使用されるオブジェクトの基底のインターフェイス
            </summary>
        </member>
        <member name="P:UIGeneratorObjects.IUIElements.Mode">
            <summary>
            使用されるモードを取得する
            </summary>
        </member>
        <member name="P:UIGeneratorObjects.IUIElements.Name">
            <summary>
            名前を取得する
            </summary>
        </member>
        <member name="E:UIGeneratorObjects.IUIElements.LeftPushed">
            <summary>
            マウス左ボタンでクリックされたときのイベント
            </summary>
        </member>
        <member name="E:UIGeneratorObjects.IUIElements.RightPushed">
            <summary>
            マウス右ボタンでクリックされたときのイベント
            </summary>
        </member>
        <member name="E:UIGeneratorObjects.IUIElements.MiddlePushed">
            <summary>
            マウス中央ボタンでクリックされたときのイベント
            </summary>
        </member>
        <member name="E:UIGeneratorObjects.IUIElements.LeftReleased">
            <summary>
            マウス左ボタンでクリックが終わったときのイベント
            </summary>
        </member>
        <member name="E:UIGeneratorObjects.IUIElements.RightReleased">
            <summary>
            マウス右ボタンでクリックが終わったときのイベント
            </summary>
        </member>
        <member name="E:UIGeneratorObjects.IUIElements.MiddleReleased">
            <summary>
            マウス中央ボタンでクリックが終わったときのイベント
            </summary>
        </member>
        <member name="E:UIGeneratorObjects.IUIElements.LeftHolded">
            <summary>
            マウス左ボタンでクリックされているときのイベント
            </summary>
        </member>
        <member name="E:UIGeneratorObjects.IUIElements.RightHolded">
            <summary>
            マウス右ボタンでクリックされているときのイベント
            </summary>
        </member>
        <member name="E:UIGeneratorObjects.IUIElements.MiddleHolded">
            <summary>
            マウス中央ボタンでクリックされているときのイベント
            </summary>
        </member>
        <member name="E:UIGeneratorObjects.IUIElements.MouseEnter">
            <summary>
            マウスカーソルと重なったときのイベント
            </summary>
        </member>
        <member name="E:UIGeneratorObjects.IUIElements.MouseStay">
            <summary>
            マウスカーソルと重なっているときのイベント
            </summary>
        </member>
        <member name="E:UIGeneratorObjects.IUIElements.MouseExit">
            <summary>
            マウスカーソルとの重なりが解除されたときのイベント
            </summary>
        </member>
        <member name="M:UIGeneratorObjects.IUIElements.AsObject2D">
            <summary>
            <see cref="T:asd.Object2D"/>としてキャストする
            </summary>
            <returns>このインスタンスの<see cref="T:asd.Object2D"/>としてのインスタンス</returns>
        </member>
        <member name="T:UIGeneratorObjects.UIInfoCollection">
            <summary>
            <see cref="T:UIGeneratorObjects.IUIElements"/>を格納するコレクション
            </summary>
        </member>
        <member name="P:UIGeneratorObjects.UIInfoCollection.Count">
            <summary>
            格納されている要素数を取得する
            </summary>
        </member>
        <member name="P:UIGeneratorObjects.UIInfoCollection.Infos">
            <summary>
            UI情報を格納するコレクションを取得する
            </summary>
        </member>
        <member name="P:UIGeneratorObjects.UIInfoCollection.Modes">
            <summary>
            表示モードを格納するコレクションを取得する
            </summary>
        </member>
        <member name="P:UIGeneratorObjects.UIInfoCollection.Names">
            <summary>
            名前を格納するコレクションを取得する
            </summary>
        </member>
        <member name="M:UIGeneratorObjects.UIInfoCollection.#ctor">
            <summary>
            既定の容量を備えた空の<see cref="T:UIGeneratorObjects.UIInfoCollection"/>の新しいインスタンスを生成する
            </summary>
        </member>
        <member name="M:UIGeneratorObjects.UIInfoCollection.#ctor(System.Int32)">
            <summary>
            指定した容量を備えた空の<see cref="T:UIGeneratorObjects.UIInfoCollection"/>の新しいインスタンスを生成する
            </summary>
            <exception cref="T:System.ArgumentOutOfRangeException"><paramref name="capacity"/>が0未満</exception>
            <param name="capacity">設定する容量</param>
        </member>
        <member name="P:UIGeneratorObjects.UIInfoCollection.Item(System.Int32,System.String)">
            <summary>
            指定した表示モードと名前を持つUI情報を取得する
            </summary>
            <param name="mode">検索する要素の表示モード</param>
            <param name="name">検索する要素の名前</param>
            <exception cref="T:System.ArgumentNullException"><paramref name="name"/>がnull</exception>
            <exception cref="T:System.ArgumentOutOfRangeException"><paramref name="mode"/>が0未満</exception>
            <exception cref="T:System.Collections.Generic.KeyNotFoundException"><paramref name="mode"/>と<paramref name="name"/>の組み合わせが存在しない</exception>
            <returns><paramref name="mode"/>と<paramref name="name"/>を持つ要素</returns>
        </member>
        <member name="M:UIGeneratorObjects.UIInfoCollection.Add(UIGeneratorObjects.IUIElements)">
            <summary>
            指定したUI情報を追加する
            </summary>
            <param name="item">追加するUI情報</param>
            <exception cref="T:System.ArgumentNullException"><paramref name="item"/>またはその名前がnull</exception>
            <exception cref="T:System.ArgumentOutOfRangeException"><paramref name="item"/>の表示モードが0未満</exception>
            <exception cref="T:fslib.Exception.KeyDuplicateException">キーに重複がある</exception>
        </member>
        <member name="M:UIGeneratorObjects.UIInfoCollection.Add(System.Int32,System.String,UIGeneratorObjects.IUIElements)">
            <summary>
            指定した要素を追加する
            </summary>
            <param name="mode">追加する要素の表示モード</param>
            <param name="name">追加する要素の名前</param>
            <param name="value">追加する要素</param>
            <exception cref="T:System.ArgumentException"><paramref name="value"/>における表示モードや名前と<paramref name="mode"/>及び<paramref name="name"/>との不一致が見られた</exception>
            <exception cref="T:System.ArgumentNullException"><paramref name="value"/>またはその名前がnull</exception>
            <exception cref="T:System.ArgumentOutOfRangeException"><paramref name="value"/>の表示モードが0未満</exception>
            <exception cref="T:fslib.Exception.KeyDuplicateException">キーに重複がある</exception>
        </member>
        <member name="M:UIGeneratorObjects.UIInfoCollection.AsReadOnly">
            <summary>
            UI情報の読み取り専用コレクションを返す
            </summary>
            <returns>UI情報が格納された読み取り専用コレクション</returns>
        </member>
        <member name="M:UIGeneratorObjects.UIInfoCollection.Clear">
            <summary>
            格納されているすべての要素を削除する
            </summary>
        </member>
        <member name="M:UIGeneratorObjects.UIInfoCollection.Contains(UIGeneratorObjects.IUIElements)">
            <summary>
            指定したUI情報が格納されているかどうかを取得する
            </summary>
            <param name="info">検索するUI情報</param>
            <exception cref="T:System.ArgumentNullException"><paramref name="info"/>がnull</exception>
            <returns><paramref name="info"/>が格納されていたらtrue，それ以外でfalse</returns>
        </member>
        <member name="M:UIGeneratorObjects.UIInfoCollection.Contains(fslib.Collections.DoubleKeyValuePair{System.Int32,System.String,UIGeneratorObjects.IUIElements})">
            <summary>
            指定した要素が含まれているかどうかを検索する
            </summary>
            <param name="item">検索する要素</param>
            <exception cref="T:System.ArgumentNullException"><paramref name="item"/>の名前またはUI情報がnull</exception>
            <exception cref="T:System.ArgumentOutOfRangeException"><paramref name="item"/>の表示モードが0未満</exception>
            <returns><paramref name="item"/>が格納されていたらtrue，それ以外でfalse</returns>
        </member>
        <member name="M:UIGeneratorObjects.UIInfoCollection.ContainsKeyPair(System.Int32,System.String)">
            <summary>
            指定した表示モードと名前を持つ要素が格納されているかどうかを取得する
            </summary>
            <param name="mode">検索する表示モード</param>
            <param name="name">検索する名前</param>
            <exception cref="T:System.ArgumentNullException"><paramref name="name"/>がnull</exception>
            <exception cref="T:System.ArgumentOutOfRangeException"><paramref name="mode"/>が0未満</exception>
            <returns><paramref name="mode"/>と<paramref name="name"/>を持つ要素が格納されていたらtrue，それ以外でfalse</returns>
        </member>
        <member name="M:UIGeneratorObjects.UIInfoCollection.CopyTo(fslib.Collections.DoubleKeyValuePair{System.Int32,System.String,UIGeneratorObjects.IUIElements}[],System.Int32)">
            <summary>
            指定した配列に要素をコピーする
            </summary>
            <param name="array">コピー先の配列</param>
            <param name="arrayIndex"><paramref name="arrayIndex"/>におけるコピー開始地点</param>
            <exception cref="T:System.ArgumentException"><paramref name="array"/>のサイズ不足</exception>
            <exception cref="T:System.ArgumentNullException"><paramref name="array"/>がnull</exception>
            <exception cref="T:System.ArgumentOutOfRangeException"><paramref name="arrayIndex"/>が0未満</exception>
        </member>
        <member name="M:UIGeneratorObjects.UIInfoCollection.GetEnumerator">
            <summary>
            列挙をサポートする構造体を返す
            </summary>
            <returns><see cref="T:UIGeneratorObjects.UIInfoCollection.Enumerator"/>の新しいインスタンス</returns>
        </member>
        <member name="M:UIGeneratorObjects.UIInfoCollection.IndexOfKeyPair(System.Int32,System.String)">
            <summary>
            指定した表示モードと名前を持つ要素のインデックスを検索する
            </summary>
            <param name="mode">検索する表示モード</param>
            <param name="name">検索する名前</param>
            <exception cref="T:System.ArgumentNullException"><paramref name="name"/>がnull</exception>
            <exception cref="T:System.ArgumentOutOfRangeException"><paramref name="mode"/>が0未満</exception>
            <returns><paramref name="mode"/>と<paramref name="name"/>を持つ要素のインデックス 無かったら-1</returns>
        </member>
        <member name="M:UIGeneratorObjects.UIInfoCollection.IndexOfMode(System.Int32)">
            <summary>
            指定した表示モードを持つ要素のうち最初の物のインデックスを検索する
            </summary>
            <param name="mode">検索する要素の表示モード</param>
            <exception cref="T:System.ArgumentOutOfRangeException"><paramref name="mode"/>が0未満</exception>
            <returns><paramref name="mode"/>を持つ要素のうち最初の物のインデックス 無かったら-1</returns>
        </member>
        <member name="M:UIGeneratorObjects.UIInfoCollection.IndexOfName(System.String)">
            <summary>
            指定した名前を持つ要素のうち最初の物のインデックスを検索する
            </summary>
            <param name="name">検索する要素の名前</param>
            <exception cref="T:System.ArgumentNullException"><paramref name="name"/>がnull</exception>
            <returns><paramref name="name"/>を持つ要素のうち最初の物のインデックス 無かったら-1</returns>
        </member>
        <member name="M:UIGeneratorObjects.UIInfoCollection.IndexOfPair(fslib.Collections.DoubleKeyValuePair{System.Int32,System.String,UIGeneratorObjects.IUIElements})">
            <summary>
            指定したペアのインデックスを検索する
            </summary>
            <param name="item">インデックスを検索する要素</param>
            <exception cref="T:System.ArgumentNullException"><paramref name="item"/>の名前またはUI情報がnull</exception>
            <exception cref="T:System.ArgumentOutOfRangeException"><paramref name="item"/>の表示モードが0未満</exception>
            <returns><paramref name="item"/>の持つインデックス 無かったら-1</returns>
        </member>
        <member name="M:UIGeneratorObjects.UIInfoCollection.IndexOfValue(UIGeneratorObjects.IUIElements)">
            <summary>
            指定した要素のインデックスを検索する
            </summary>
            <param name="value">検索するUI情報</param>
            <exception cref="T:System.ArgumentNullException"><paramref name="value"/>がnull</exception>
            <returns><paramref name="value"/>の持つインデックス 無かったら-1</returns>
        </member>
        <member name="M:UIGeneratorObjects.UIInfoCollection.Remove(System.Int32,System.String)">
            <summary>
            指定した表示モードと名前を持つUI情報を削除する
            </summary>
            <param name="mode">削除する要素の表示モード</param>
            <param name="name">削除する要素の名前</param>
            <exception cref="T:System.ArgumentNullException"><paramref name="name"/>がnull</exception>
            <exception cref="T:System.ArgumentOutOfRangeException"><paramref name="mode"/>が0未満</exception>
            <returns>要素を削除出来たらtrue，それ以外でfalse</returns>
        </member>
        <member name="M:UIGeneratorObjects.UIInfoCollection.Remove(UIGeneratorObjects.IUIElements)">
            <summary>
            指定したUI情報を削除する
            </summary>
            <param name="value">削除する要素</param>
            <exception cref="T:System.ArgumentNullException"><paramref name="value"/>がnull</exception>
            <returns><paramref name="value"/>を削除出来たらtrue，それ以外でfalse</returns>
        </member>
        <member name="M:UIGeneratorObjects.UIInfoCollection.RemoveAt(System.Int32)">
            <summary>
            指定した位置の要素を削除する
            </summary>
            <param name="index">削除する要素のインデックス</param>
            <exception cref="T:System.ArgumentOutOfRangeException"><paramref name="index"/>が0未満または<see cref="P:UIGeneratorObjects.UIInfoCollection.Count"/>以上</exception>
        </member>
        <member name="M:UIGeneratorObjects.UIInfoCollection.ReSize(System.Int32)">
            <summary>
            <see cref="F:UIGeneratorObjects.UIInfoCollection._array"/>の容量を変更する
            </summary>
            <param name="min">変更後の容量の最小値</param>
        </member>
        <member name="M:UIGeneratorObjects.UIInfoCollection.TryGetValue(System.Int32,System.String,UIGeneratorObjects.IUIElements@)">
            <summary>
            指定した表示モードと名前を持つ値を検索する
            </summary>
            <param name="mode">検索する要素の表示モード</param>
            <param name="name">検索する要素の名前</param>
            <param name="value"><paramref name="mode"/>と<paramref name="name"/>を持つ要素 無かったら既定値</param>
            <exception cref="T:System.ArgumentNullException"><paramref name="name"/>がnull</exception>
            <exception cref="T:System.ArgumentOutOfRangeException"><paramref name="mode"/>が0未満</exception>
            <returns><paramref name="value"/>が見つかったらtrue，それ以外でfalse</returns>
        </member>
        <member name="T:UIGeneratorObjects.UIInfoCollection.Enumerator">
            <summary>
            列挙をサポートする構造体
            </summary>
        </member>
        <member name="P:UIGeneratorObjects.UIInfoCollection.Enumerator.Current">
            <summary>
            現在列挙されている要素を取得する
            </summary>
        </member>
        <member name="M:UIGeneratorObjects.UIInfoCollection.Enumerator.Dispose">
            <summary>
            このインスタンスを破棄する
            </summary>
        </member>
        <member name="M:UIGeneratorObjects.UIInfoCollection.Enumerator.MoveNext">
            <summary>
            列挙を次に進める
            </summary>
            <exception cref="T:System.InvalidOperationException">列挙中にコレクションが変更された</exception>
            <returns>次に進められたらtrue，それ以外でfalse</returns>
        </member>
        <member name="M:UIGeneratorObjects.UIInfoCollection.Enumerator.ThrowIfInvalidIndex">
            <summary>
            <see cref="F:UIGeneratorObjects.UIInfoCollection.Enumerator.index"/>の値が不正だったら<see cref="T:System.InvalidOperationException"/>をスローする
            </summary>
        </member>
        <member name="M:UIGeneratorObjects.UIInfoCollection.Enumerator.ThrowIfInvalidVersion">
            <summary>
            <see cref="F:UIGeneratorObjects.UIInfoCollection.Enumerator.version"/>の値が不正だったら，<see cref="T:System.InvalidOperationException"/>をスローする
            </summary>
        </member>
        <member name="T:UIGeneratorObjects.UIInfoCollection.InnerCollectionBase`1">
            <summary>
            <see cref="T:UIGeneratorObjects.UIInfoCollection"/>内の特定の値を格納するコレクション
            </summary>
            <typeparam name="T">格納する値の型</typeparam>
        </member>
        <member name="P:UIGeneratorObjects.UIInfoCollection.InnerCollectionBase`1.Converter">
            <summary>
            要素を変換する変換子を取得する
            </summary>
        </member>
        <member name="P:UIGeneratorObjects.UIInfoCollection.InnerCollectionBase`1.Count">
            <summary>
            格納されている要素数を取得する
            </summary>
        </member>
        <member name="P:UIGeneratorObjects.UIInfoCollection.InnerCollectionBase`1.Dictionary">
            <summary>
            <see cref="T:UIGeneratorObjects.UIInfoCollection"/>への参照を取得する
            </summary>
        </member>
        <member name="M:UIGeneratorObjects.UIInfoCollection.InnerCollectionBase`1.CopyTo(`0[],System.Int32)">
            <summary>
            指定した配列に要素をコピーする
            </summary>
            <param name="array">コピー先の配列</param>
            <param name="arrayIndex"><paramref name="array"/>におけるコピー開始地点</param>
            <exception cref="T:System.ArgumentException"><paramref name="array"/>のサイズ不足</exception>
            <exception cref="T:System.ArgumentNullException"><paramref name="array"/>がnull</exception>
            <exception cref="T:System.ArgumentOutOfRangeException"><paramref name="arrayIndex"/>が0未満</exception>
        </member>
        <member name="M:UIGeneratorObjects.UIInfoCollection.InnerCollectionBase`1.GetEnumerator">
            <summary>
            列挙をサポートする構造体を返す
            </summary>
            <returns><see cref="T:UIGeneratorObjects.UIInfoCollection.InnerCollectionBase`1.Enumerator"/>の新しいインスタンス</returns>
        </member>
        <member name="M:UIGeneratorObjects.UIInfoCollection.InnerCollectionBase`1.IndexOfItem(`0)">
            <summary>
            指定した要素の<see cref="P:UIGeneratorObjects.UIInfoCollection.InnerCollectionBase`1.Dictionary"/>内でのインデックスを検索する
            </summary>
            <param name="item">検索する値</param>
            <remarks><paramref name="item"/>の持つインデックス 無かったら-1</remarks>
        </member>
        <member name="T:UIGeneratorObjects.UIInfoCollection.InnerCollectionBase`1.Enumerator">
            <summary>
            列挙をサポートする構造体
            </summary>
        </member>
        <member name="P:UIGeneratorObjects.UIInfoCollection.InnerCollectionBase`1.Enumerator.Current">
            <summary>
            現在列挙されている要素を取得する
            </summary>
        </member>
        <member name="M:UIGeneratorObjects.UIInfoCollection.InnerCollectionBase`1.Enumerator.Dispose">
            <summary>
            このインスタンスを破棄する
            </summary>
        </member>
        <member name="M:UIGeneratorObjects.UIInfoCollection.InnerCollectionBase`1.Enumerator.MoveNext">
            <summary>
            列挙を次に進める
            </summary>
            <exception cref="T:System.InvalidOperationException">列挙中にコレクションが変更された</exception>
            <returns>次に進められたらtrue，それ以外でfalse</returns>
        </member>
        <member name="T:UIGeneratorObjects.UIInfoCollection.ModeCollection">
            <summary>
            <see cref="T:UIGeneratorObjects.UIInfoCollection"/>の表示モードを格納するコレクション
            </summary>
        </member>
        <member name="P:UIGeneratorObjects.UIInfoCollection.ModeCollection.Converter">
            <summary>
            要素を変換する変換子を取得する
            </summary>
        </member>
        <member name="M:UIGeneratorObjects.UIInfoCollection.ModeCollection.IndexOfItem(System.Int32)">
            <summary>
            指定した要素の<see cref="P:UIGeneratorObjects.UIInfoCollection.InnerCollectionBase`1.Dictionary"/>内でのインデックスを検索する
            </summary>
            <param name="item">検索する値</param>
            <remarks><paramref name="item"/>の持つインデックス 無かったら-1</remarks>
        </member>
        <member name="T:UIGeneratorObjects.UIInfoCollection.NameCollection">
            <summary>
            <see cref="T:UIGeneratorObjects.UIInfoCollection"/>の名前を格納するコレクション
            </summary>
        </member>
        <member name="P:UIGeneratorObjects.UIInfoCollection.NameCollection.Converter">
            <summary>
            要素を変換する変換子を取得する
            </summary>
        </member>
        <member name="M:UIGeneratorObjects.UIInfoCollection.NameCollection.IndexOfItem(System.String)">
            <summary>
            指定した要素の<see cref="P:UIGeneratorObjects.UIInfoCollection.InnerCollectionBase`1.Dictionary"/>内でのインデックスを検索する
            </summary>
            <param name="item">検索する値</param>
            <remarks><paramref name="item"/>の持つインデックス 無かったら-1</remarks>
        </member>
        <member name="T:UIGeneratorObjects.UIInfoCollection.InfoCollection">
            <summary>
            <see cref="T:UIGeneratorObjects.UIInfoCollection"/>のUI情報を格納するコレクション
            </summary>
        </member>
        <member name="P:UIGeneratorObjects.UIInfoCollection.InfoCollection.Converter">
            <summary>
            要素を変換する変換子を取得する
            </summary>
        </member>
        <member name="M:UIGeneratorObjects.UIInfoCollection.InfoCollection.IndexOfItem(UIGeneratorObjects.IUIElements)">
            <summary>
            指定した要素の<see cref="P:UIGeneratorObjects.UIInfoCollection.InnerCollectionBase`1.Dictionary"/>内でのインデックスを検索する
            </summary>
            <param name="item">検索する値</param>
            <remarks><paramref name="item"/>の持つインデックス 無かったら-1</remarks>
        </member>
        <member name="T:UIGeneratorObjects.UILayer">
            <summary>
            UIGeneratorで生成したオブジェクトを表示するレイヤー
            </summary>
        </member>
        <member name="P:UIGeneratorObjects.UILayer.Mode">
            <summary>
            現在表示しているオブジェクトのモードを取得する
            </summary>
        </member>
        <member name="M:UIGeneratorObjects.UILayer.AddUIObject``1(``0)">
            <summary>
            UIのオブジェクトを追加する
            </summary>
            <param name="ui">追加するUIのオブジェクト</param>
            <exception cref="T:System.ArgumentException"><paramref name="ui"/>が既に登録されているまたは何かのレイヤーに所属している</exception>
            <exception cref="T:System.ArgumentNullException"><paramref name="ui"/>がnull</exception>
        </member>
        <member name="M:UIGeneratorObjects.UILayer.ChangeMode(System.Int32)">
            <summary>
            表示モードを変更する
            </summary>
            <param name="mode">変更先の値</param>
            <exception cref="T:System.ArgumentOutOfRangeException"><paramref name="mode"/>が0未満</exception>
        </member>
        <member name="M:UIGeneratorObjects.UILayer.ContainsUIObject``1(``0)">
            <summary>
            UIオブジェクトが登録されているかどうかを検索する
            </summary>
            <param name="ui">検索するUIオブジェクト</param>
            <returns><paramref name="ui"/>が登録されていたらtrue，それ以外でfalse</returns>
        </member>
        <member name="M:UIGeneratorObjects.UILayer.RemoveUIObject``1(``0)">
            <summary>
            UIのオブジェクトを削除する
            </summary>
            <param name="ui">削除するUIのオブジェクト</param>
            <exception cref="T:System.ArgumentException"><paramref name="ui"/>が登録されていない</exception>
            <exception cref="T:System.ArgumentNullException"><paramref name="ui"/>がnull</exception>
        </member>
        <member name="T:UIGeneratorObjects.UIText">
            <summary>
            テキストを表すクラス
            継承不可
            </summary>
        </member>
        <member name="P:UIGeneratorObjects.UIText.Mode">
            <summary>
            表示モードを取得する
            </summary>
        </member>
        <member name="P:UIGeneratorObjects.UIText.Name">
            <summary>
            名前を取得する
            </summary>
        </member>
        <member name="M:UIGeneratorObjects.UIText.#ctor(System.Int32,System.String)">
            <summary>
            コンストラクタ
            </summary>
            <param name="mode">表示モード</param>
            <param name="name">名前</param>
            <exception cref="T:System.ArgumentNullException"><paramref name="name"/>がnull</exception>
            <exception cref="T:System.ArgumentOutOfRangeException"><paramref name="mode"/>が0未満</exception>
        </member>
        <member name="E:UIGeneratorObjects.UIText.LeftPushed">
            <summary>
            マウス左ボタンでクリックされたときのイベント
            </summary>
        </member>
        <member name="E:UIGeneratorObjects.UIText.RightPushed">
            <summary>
            マウス右ボタンでクリックされたときのイベント
            </summary>
        </member>
        <member name="E:UIGeneratorObjects.UIText.MiddlePushed">
            <summary>
            マウス中央ボタンでクリックされたときのイベント
            </summary>
        </member>
        <member name="E:UIGeneratorObjects.UIText.LeftReleased">
            <summary>
            マウス左ボタンでクリックが終わったときのイベント
            </summary>
        </member>
        <member name="E:UIGeneratorObjects.UIText.RightReleased">
            <summary>
            マウス右ボタンでクリックが終わったときのイベント
            </summary>
        </member>
        <member name="E:UIGeneratorObjects.UIText.MiddleReleased">
            <summary>
            マウス中央ボタンでクリックが終わったときのイベント
            </summary>
        </member>
        <member name="E:UIGeneratorObjects.UIText.LeftHolded">
            <summary>
            マウス左ボタンでクリックされているときのイベント
            </summary>
        </member>
        <member name="E:UIGeneratorObjects.UIText.RightHolded">
            <summary>
            マウス右ボタンでクリックされているときのイベント
            </summary>
        </member>
        <member name="E:UIGeneratorObjects.UIText.MiddleHolded">
            <summary>
            マウス中央ボタンでクリックされているときのイベント
            </summary>
        </member>
        <member name="E:UIGeneratorObjects.UIText.MouseEnter">
            <summary>
            マウスカーソルと重なったときのイベント
            </summary>
        </member>
        <member name="E:UIGeneratorObjects.UIText.MouseStay">
            <summary>
            マウスカーソルと重なっているときのイベント
            </summary>
        </member>
        <member name="E:UIGeneratorObjects.UIText.MouseExit">
            <summary>
            マウスカーソルとの重なりが解除されたときのイベント
            </summary>
        </member>
        <member name="T:UIGeneratorObjects.UITexture">
            <summary>
            テクスチャを表すクラス
            継承不可
            </summary>
        </member>
        <member name="P:UIGeneratorObjects.UITexture.Mode">
            <summary>
            表示モードを取得する
            </summary>
        </member>
        <member name="P:UIGeneratorObjects.UITexture.Name">
            <summary>
            名前を取得する
            </summary>
        </member>
        <member name="E:UIGeneratorObjects.UITexture.LeftPushed">
            <summary>
            マウス左ボタンでクリックされたときのイベント
            </summary>
        </member>
        <member name="E:UIGeneratorObjects.UITexture.RightPushed">
            <summary>
            マウス右ボタンでクリックされたときのイベント
            </summary>
        </member>
        <member name="E:UIGeneratorObjects.UITexture.MiddlePushed">
            <summary>
            マウス中央ボタンでクリックされたときのイベント
            </summary>
        </member>
        <member name="E:UIGeneratorObjects.UITexture.LeftReleased">
            <summary>
            マウス左ボタンでクリックが終わったときのイベント
            </summary>
        </member>
        <member name="E:UIGeneratorObjects.UITexture.RightReleased">
            <summary>
            マウス右ボタンでクリックが終わったときのイベント
            </summary>
        </member>
        <member name="E:UIGeneratorObjects.UITexture.MiddleReleased">
            <summary>
            マウス中央ボタンでクリックが終わったときのイベント
            </summary>
        </member>
        <member name="E:UIGeneratorObjects.UITexture.LeftHolded">
            <summary>
            マウス左ボタンでクリックされているときのイベント
            </summary>
        </member>
        <member name="E:UIGeneratorObjects.UITexture.RightHolded">
            <summary>
            マウス右ボタンでクリックされているときのイベント
            </summary>
        </member>
        <member name="E:UIGeneratorObjects.UITexture.MiddleHolded">
            <summary>
            マウス中央ボタンでクリックされているときのイベント
            </summary>
        </member>
        <member name="E:UIGeneratorObjects.UITexture.MouseEnter">
            <summary>
            マウスカーソルと重なったときのイベント
            </summary>
        </member>
        <member name="E:UIGeneratorObjects.UITexture.MouseStay">
            <summary>
            マウスカーソルと重なっているときのイベント
            </summary>
        </member>
        <member name="E:UIGeneratorObjects.UITexture.MouseExit">
            <summary>
            マウスカーソルとの重なりが解除されたときのイベント
            </summary>
        </member>
        <member name="M:UIGeneratorObjects.UITexture.#ctor(System.Int32,System.String)">
            <summary>
            コンストラクタ
            </summary>
            <param name="mode">表示モード</param>
            <param name="name">名前</param>
            <exception cref="T:System.ArgumentNullException"><paramref name="name"/>がnull</exception>
            <exception cref="T:System.ArgumentOutOfRangeException"><paramref name="mode"/>が0未満</exception>
        </member>
        <member name="T:UIGeneratorObjects.UIWindow">
            <summary>
            ウィンドウを表すクラス
            継承不可
            </summary>
        </member>
        <member name="P:UIGeneratorObjects.UIWindow.Mode">
            <summary>
            表示モードを取得する
            </summary>
        </member>
        <member name="P:UIGeneratorObjects.UIWindow.Name">
            <summary>
            名前を取得する
            </summary>
        </member>
        <member name="M:UIGeneratorObjects.UIWindow.#ctor(System.Int32,System.String)">
            <summary>
            コンストラクタ
            </summary>
            <param name="mode">表示モード</param>
            <param name="name">名前</param>
            <exception cref="T:System.ArgumentNullException"><paramref name="name"/>がnull</exception>
            <exception cref="T:System.ArgumentOutOfRangeException"><paramref name="mode"/>が0未満</exception>
        </member>
        <member name="E:UIGeneratorObjects.UIWindow.LeftPushed">
            <summary>
            マウス左ボタンでクリックされたときのイベント
            </summary>
        </member>
        <member name="E:UIGeneratorObjects.UIWindow.RightPushed">
            <summary>
            マウス右ボタンでクリックされたときのイベント
            </summary>
        </member>
        <member name="E:UIGeneratorObjects.UIWindow.MiddlePushed">
            <summary>
            マウス中央ボタンでクリックされたときのイベント
            </summary>
        </member>
        <member name="E:UIGeneratorObjects.UIWindow.LeftReleased">
            <summary>
            マウス左ボタンでクリックが終わったときのイベント
            </summary>
        </member>
        <member name="E:UIGeneratorObjects.UIWindow.RightReleased">
            <summary>
            マウス右ボタンでクリックが終わったときのイベント
            </summary>
        </member>
        <member name="E:UIGeneratorObjects.UIWindow.MiddleReleased">
            <summary>
            マウス中央ボタンでクリックが終わったときのイベント
            </summary>
        </member>
        <member name="E:UIGeneratorObjects.UIWindow.LeftHolded">
            <summary>
            マウス左ボタンでクリックされているときのイベント
            </summary>
        </member>
        <member name="E:UIGeneratorObjects.UIWindow.RightHolded">
            <summary>
            マウス右ボタンでクリックされているときのイベント
            </summary>
        </member>
        <member name="E:UIGeneratorObjects.UIWindow.MiddleHolded">
            <summary>
            マウス中央ボタンでクリックされているときのイベント
            </summary>
        </member>
        <member name="E:UIGeneratorObjects.UIWindow.MouseEnter">
            <summary>
            マウスカーソルと重なったときのイベント
            </summary>
        </member>
        <member name="E:UIGeneratorObjects.UIWindow.MouseStay">
            <summary>
            マウスカーソルと重なっているときのイベント
            </summary>
        </member>
        <member name="E:UIGeneratorObjects.UIWindow.MouseExit">
            <summary>
            マウスカーソルとの重なりが解除されたときのイベント
            </summary>
        </member>
    </members>
</doc>
